171438.0, 20000000.0, 20000001.0, 20000002.0, 20000003.0, 20000004.0, 20000005.0, 20000006.0, 20000007.0, 20000008.0, 20000009.0, 
171439.0, 20000010.0, 20000011.0, 20000012.0, 20000013.0, 20000014.0, 20000015.0, 20000016.0, 20000017.0, 20000018.0, 20000019.0, 
171440.0, 20000020.0, 20000021.0, 20000022.0, 20000023.0, 20000024.0, 20000025.0, 20000026.0, 20000027.0, 20000028.0, 20000029.0, 
171441.0, 20000030.0, 20000031.0, 20000032.0, 20000033.0, 20000034.0, 20000035.0, 20000036.0, 20000037.0, 20000038.0, 20000039.0, 
171442.0, 20000040.0, 20000041.0, 20000042.0, 20000043.0, 20000044.0, 20000045.0, 20000046.0, 20000047.0, 20000048.0, 20000049.0, 
171443.0, 20000050.0, 20000051.0, 20000052.0, 20000053.0, 20000054.0, 20000055.0, 20000056.0, 20000057.0, 20000058.0, 20000059.0, 
171444.0, 20000060.0, 20000061.0, 20000062.0, 20000063.0, 20000064.0, 20000065.0, 20000066.0, 20000067.0, 20000068.0, 20000069.0, 
171445.0, 20000070.0, 20000071.0, 20000072.0, 20000073.0, 20000074.0, 20000075.0, 20000076.0, 20000077.0, 20000078.0, 20000079.0, 
171446.0, 20000080.0, 20000081.0, 20000082.0, 20000083.0, 20000084.0, 20000085.0, 20000086.0, 20000087.0, 20000088.0, 20000089.0, 
171447.0, 20000090.0, 20000091.0, 20000092.0, 20000093.0, 20000094.0, 20000095.0, 20000096.0, 20000097.0, 20000098.0, 20000099.0, 
171448.0, 20000100.0, 20000101.0, 20000102.0, 20000103.0, 20000104.0, 20000105.0, 20000106.0, 20000107.0, 20000108.0, 20000109.0, 
171449.0, 20000110.0, 20000111.0, 20000112.0, 20000113.0, 20000114.0, 20000115.0, 20000116.0, 20000117.0, 20000118.0, 20000119.0, 
171450.0, 20000120.0, 20000121.0, 20000122.0, 20000123.0, 20000124.0, 20000125.0, 20000126.0, 20000127.0, 20000128.0, 20000129.0, 
171451.0, 20000130.0, 20000131.0, 20000132.0, 20000133.0, 20000134.0, 20000135.0, 20000136.0, 20000137.0, 20000138.0, 20000139.0, 
171452.0, 20000140.0, 20000141.0, 20000142.0, 20000143.0, 20000144.0, 20000145.0, 20000146.0, 20000147.0, 20000148.0, 20000149.0, 
171453.0, 20000150.0, 20000151.0, 20000152.0, 20000153.0, 20000154.0, 20000155.0, 20000156.0, 20000157.0, 20000158.0, 20000159.0, 
171454.0, 20000160.0, 20000161.0, 20000162.0, 20000163.0, 20000164.0, 20000165.0, 20000166.0, 20000167.0, 20000168.0, 20000169.0, 
171455.0, 20000170.0, 20000171.0, 20000172.0, 20000173.0, 20000174.0, 20000175.0, 20000176.0, 20000177.0, 20000178.0, 20000179.0, 
171456.0, 20000180.0, 20000181.0, 20000182.0, 20000183.0, 20000184.0, 20000185.0, 20000186.0, 20000187.0, 20000188.0, 20000189.0, 
171457.0, 20000190.0, 20000191.0, 20000192.0, 20000193.0, 20000194.0, 20000195.0, 20000196.0, 20000197.0, 20000198.0, 20000199.0, 
171458.0, 20000200.0, 20000201.0, 20000202.0, 20000203.0, 20000204.0, 20000205.0, 20000206.0, 20000207.0, 20000208.0, 20000209.0, 
171459.0, 20000210.0, 20000211.0, 20000212.0, 20000213.0, 20000214.0, 20000215.0, 20000216.0, 20000217.0, 20000218.0, 20000219.0, 
171460.0, 20000220.0, 20000221.0, 20000222.0, 20000223.0, 20000224.0, 20000225.0, 20000226.0, 20000227.0, 20000228.0, 20000229.0, 
171461.0, 20000230.0, 20000231.0, 20000232.0, 20000233.0, 20000234.0, 20000235.0, 20000236.0, 20000237.0, 20000238.0, 20000239.0, 
171462.0, 20000240.0, 20000241.0, 20000242.0, 20000243.0, 20000244.0, 20000245.0, 20000246.0, 20000247.0, 20000248.0, 20000249.0, 
171463.0, 20000250.0, 20000251.0, 20000252.0, 20000253.0, 20000254.0, 20000255.0, 20000256.0, 20000257.0, 20000258.0, 20000259.0, 
171464.0, 20000260.0, 20000261.0, 20000262.0, 20000263.0, 20000264.0, 20000265.0, 20000266.0, 20000267.0, 20000268.0, 20000269.0, 
171465.0, 20000270.0, 20000271.0, 20000272.0, 20000273.0, 20000274.0, 20000275.0, 20000276.0, 20000277.0, 20000278.0, 20000279.0, 
171466.0, 20000280.0, 20000281.0, 20000282.0, 20000283.0, 20000284.0, 20000285.0, 20000286.0, 20000287.0, 20000288.0, 20000289.0, 
171467.0, 20000290.0, 20000291.0, 20000292.0, 20000293.0, 20000294.0, 20000295.0, 20000296.0, 20000297.0, 20000298.0, 20000299.0, 
171468.0, 20000300.0, 20000301.0, 20000302.0, 20000303.0, 20000304.0, 20000305.0, 20000306.0, 20000307.0, 20000308.0, 20000309.0, 
171469.0, 20000310.0, 20000311.0, 20000312.0, 20000313.0, 20000314.0, 20000315.0, 20000316.0, 20000317.0, 20000318.0, 20000319.0, 
171470.0, 20000320.0, 20000321.0, 20000322.0, 20000323.0, 20000324.0, 20000325.0, 20000326.0, 20000327.0, 20000328.0, 20000329.0, 
171471.0, 20000330.0, 20000331.0, 20000332.0, 20000333.0, 20000334.0, 20000335.0, 20000336.0, 20000337.0, 20000338.0, 20000339.0, 
171472.0, 20000340.0, 20000341.0, 20000342.0, 20000343.0, 20000344.0, 20000345.0, 20000346.0, 20000347.0, 20000348.0, 20000349.0, 
171473.0, 20000350.0, 20000351.0, 20000352.0, 20000353.0, 20000354.0, 20000355.0, 20000356.0, 20000357.0, 20000358.0, 20000359.0, 
171474.0, 20000360.0, 20000361.0, 20000362.0, 20000363.0, 20000364.0, 20000365.0, 20000366.0, 20000367.0, 20000368.0, 20000369.0, 
171475.0, 20000370.0, 20000371.0, 20000372.0, 20000373.0, 20000374.0, 20000375.0, 20000376.0, 20000377.0, 20000378.0, 20000379.0, 
171476.0, 20000380.0, 20000381.0, 20000382.0, 20000383.0, 20000384.0, 20000385.0, 20000386.0, 20000387.0, 20000388.0, 20000389.0, 
171477.0, 20000390.0, 20000391.0, 20000392.0, 20000393.0, 20000394.0, 20000395.0, 20000396.0, 20000397.0, 20000398.0, 20000399.0, 
171478.0, 20000400.0, 20000401.0, 20000402.0, 20000403.0, 20000404.0, 20000405.0, 20000406.0, 20000407.0, 20000408.0, 20000409.0, 
171479.0, 20000410.0, 20000411.0, 20000412.0, 20000413.0, 20000414.0, 20000415.0, 20000416.0, 20000417.0, 20000418.0, 20000419.0, 
171480.0, 20000420.0, 20000421.0, 20000422.0, 20000423.0, 20000424.0, 20000425.0, 20000426.0, 20000427.0, 20000428.0, 20000429.0, 
171481.0, 20000430.0, 20000431.0, 20000432.0, 20000433.0, 20000434.0, 20000435.0, 20000436.0, 20000437.0, 20000438.0, 20000439.0, 
171482.0, 20000440.0, 20000441.0, 20000442.0, 20000443.0, 20000444.0, 20000445.0, 20000446.0, 20000447.0, 20000448.0, 20000449.0, 
171483.0, 20000450.0, 20000451.0, 20000452.0, 20000453.0, 20000454.0, 20000455.0, 20000456.0, 20000457.0, 20000458.0, 20000459.0, 
171484.0, 20000460.0, 20000461.0, 20000462.0, 20000463.0, 20000464.0, 20000465.0, 20000466.0, 20000467.0, 20000468.0, 20000469.0, 
171485.0, 20000470.0, 20000471.0, 20000472.0, 20000473.0, 20000474.0, 20000475.0, 20000476.0, 20000477.0, 20000478.0, 20000479.0, 
171486.0, 20000480.0, 20000481.0, 20000482.0, 20000483.0, 20000484.0, 20000485.0, 20000486.0, 20000487.0, 20000488.0, 20000489.0, 
171487.0, 20000490.0, 20000491.0, 20000492.0, 20000493.0, 20000494.0, 20000495.0, 20000496.0, 20000497.0, 20000498.0, 20000499.0, 
171488.0, 20000500.0, 20000501.0, 20000502.0, 20000503.0, 20000504.0, 20000505.0, 20000506.0, 20000507.0, 20000508.0, 20000509.0, 
171489.0, 20000510.0, 20000511.0, 20000512.0, 20000513.0, 20000514.0, 20000515.0, 20000516.0, 20000517.0, 20000518.0, 20000519.0, 
171490.0, 20000520.0, 20000521.0, 20000522.0, 20000523.0, 20000524.0, 20000525.0, 20000526.0, 20000527.0, 20000528.0, 20000529.0, 
171491.0, 20000530.0, 20000531.0, 20000532.0, 20000533.0, 20000534.0, 20000535.0, 20000536.0, 20000537.0, 20000538.0, 20000539.0, 
171492.0, 20000540.0, 20000541.0, 20000542.0, 20000543.0, 20000544.0, 20000545.0, 20000546.0, 20000547.0, 20000548.0, 20000549.0, 
171493.0, 20000550.0, 20000551.0, 20000552.0, 20000553.0, 20000554.0, 20000555.0, 20000556.0, 20000557.0, 20000558.0, 20000559.0, 
171494.0, 20000560.0, 20000561.0, 20000562.0, 20000563.0, 20000564.0, 20000565.0, 20000566.0, 20000567.0, 20000568.0, 20000569.0, 
171495.0, 20000570.0, 20000571.0, 20000572.0, 20000573.0, 20000574.0, 20000575.0, 20000576.0, 20000577.0, 20000578.0, 20000579.0, 
171496.0, 20000580.0, 20000581.0, 20000582.0, 20000583.0, 20000584.0, 20000585.0, 20000586.0, 20000587.0, 20000588.0, 20000589.0, 
171497.0, 20000590.0, 20000591.0, 20000592.0, 20000593.0, 20000594.0, 20000595.0, 20000596.0, 20000597.0, 20000598.0, 20000599.0, 
171498.0, 20000600.0, 20000601.0, 20000602.0, 20000603.0, 20000604.0, 20000605.0, 20000606.0, 20000607.0, 20000608.0, 20000609.0, 
171499.0, 20000610.0, 20000611.0, 20000612.0, 20000613.0, 20000614.0, 20000615.0, 20000616.0, 20000617.0, 20000618.0, 20000619.0, 
171500.0, 20000620.0, 20000621.0, 20000622.0, 20000623.0, 20000624.0, 20000625.0, 20000626.0, 20000627.0, 20000628.0, 20000629.0, 
171501.0, 20000630.0, 20000631.0, 20000632.0, 20000633.0, 20000634.0, 20000635.0, 20000636.0, 20000637.0, 20000638.0, 20000639.0, 
171502.0, 20000640.0, 20000641.0, 20000642.0, 20000643.0, 20000644.0, 20000645.0, 20000646.0, 20000647.0, 20000648.0, 20000649.0, 
171503.0, 20000650.0, 20000651.0, 20000652.0, 20000653.0, 20000654.0, 20000655.0, 20000656.0, 20000657.0, 20000658.0, 20000659.0, 
171504.0, 20000660.0, 20000661.0, 20000662.0, 20000663.0, 20000664.0, 20000665.0, 20000666.0, 20000667.0, 20000668.0, 20000669.0, 
171505.0, 20000670.0, 20000671.0, 20000672.0, 20000673.0, 20000674.0, 20000675.0, 20000676.0, 20000677.0, 20000678.0, 20000679.0, 
171506.0, 20000680.0, 20000681.0, 20000682.0, 20000683.0, 20000684.0, 20000685.0, 20000686.0, 20000687.0, 20000688.0, 20000689.0, 
171507.0, 20000690.0, 20000691.0, 20000692.0, 20000693.0, 20000694.0, 20000695.0, 20000696.0, 20000697.0, 20000698.0, 20000699.0, 
171508.0, 20000700.0, 20000701.0, 20000702.0, 20000703.0, 20000704.0, 20000705.0, 20000706.0, 20000707.0, 20000708.0, 20000709.0, 
171509.0, 20000710.0, 20000711.0, 20000712.0, 20000713.0, 20000714.0, 20000715.0, 20000716.0, 20000717.0, 20000718.0, 20000719.0, 
171510.0, 20000720.0, 20000721.0, 20000722.0, 20000723.0, 20000724.0, 20000725.0, 20000726.0, 20000727.0, 20000728.0, 20000729.0, 
171511.0, 20000730.0, 20000731.0, 20000732.0, 20000733.0, 20000734.0, 20000735.0, 20000736.0, 20000737.0, 20000738.0, 20000739.0, 
171512.0, 20000740.0, 20000741.0, 20000742.0, 20000743.0, 20000744.0, 20000745.0, 20000746.0, 20000747.0, 20000748.0, 20000749.0, 
171513.0, 20000750.0, 20000751.0, 20000752.0, 20000753.0, 20000754.0, 20000755.0, 20000756.0, 20000757.0, 20000758.0, 20000759.0, 
171514.0, 20000760.0, 20000761.0, 20000762.0, 20000763.0, 20000764.0, 20000765.0, 20000766.0, 20000767.0, 20000768.0, 20000769.0, 
171515.0, 20000770.0, 20000771.0, 20000772.0, 20000773.0, 20000774.0, 20000775.0, 20000776.0, 20000777.0, 20000778.0, 20000779.0, 
171516.0, 20000780.0, 20000781.0, 20000782.0, 20000783.0, 20000784.0, 20000785.0, 20000786.0, 20000787.0, 20000788.0, 20000789.0, 
171517.0, 20000790.0, 20000791.0, 20000792.0, 20000793.0, 20000794.0, 20000795.0, 20000796.0, 20000797.0, 20000798.0, 20000799.0, 
171518.0, 20000800.0, 20000801.0, 20000802.0, 20000803.0, 20000804.0, 20000805.0, 20000806.0, 20000807.0, 20000808.0, 20000809.0, 
171519.0, 20000810.0, 20000811.0, 20000812.0, 20000813.0, 20000814.0, 20000815.0, 20000816.0, 20000817.0, 20000818.0, 20000819.0, 
171520.0, 20000820.0, 20000821.0, 20000822.0, 20000823.0, 20000824.0, 20000825.0, 20000826.0, 20000827.0, 20000828.0, 20000829.0, 
171521.0, 20000830.0, 20000831.0, 20000832.0, 20000833.0, 20000834.0, 20000835.0, 20000836.0, 20000837.0, 20000838.0, 20000839.0, 
171522.0, 20000840.0, 20000841.0, 20000842.0, 20000843.0, 20000844.0, 20000845.0, 20000846.0, 20000847.0, 20000848.0, 20000849.0, 
171523.0, 20000850.0, 20000851.0, 20000852.0, 20000853.0, 20000854.0, 20000855.0, 20000856.0, 20000857.0, 20000858.0, 20000859.0, 
171524.0, 20000860.0, 20000861.0, 20000862.0, 20000863.0, 20000864.0, 20000865.0, 20000866.0, 20000867.0, 20000868.0, 20000869.0, 
171525.0, 20000870.0, 20000871.0, 20000872.0, 20000873.0, 20000874.0, 20000875.0, 20000876.0, 20000877.0, 20000878.0, 20000879.0, 
171526.0, 20000880.0, 20000881.0, 20000882.0, 20000883.0, 20000884.0, 20000885.0, 20000886.0, 20000887.0, 20000888.0, 20000889.0, 
171527.0, 20000890.0, 20000891.0, 20000892.0, 20000893.0, 20000894.0, 20000895.0, 20000896.0, 20000897.0, 20000898.0, 20000899.0, 
171528.0, 20000900.0, 20000901.0, 20000902.0, 20000903.0, 20000904.0, 20000905.0, 20000906.0, 20000907.0, 20000908.0, 20000909.0, 
171529.0, 20000910.0, 20000911.0, 20000912.0, 20000913.0, 20000914.0, 20000915.0, 20000916.0, 20000917.0, 20000918.0, 20000919.0, 
171530.0, 20000920.0, 20000921.0, 20000922.0, 20000923.0, 20000924.0, 20000925.0, 20000926.0, 20000927.0, 20000928.0, 20000929.0, 
171531.0, 20000930.0, 20000931.0, 20000932.0, 20000933.0, 20000934.0, 20000935.0, 20000936.0, 20000937.0, 20000938.0, 20000939.0, 
171532.0, 20000940.0, 20000941.0, 20000942.0, 20000943.0, 20000944.0, 20000945.0, 20000946.0, 20000947.0, 20000948.0, 20000949.0, 
171533.0, 20000950.0, 20000951.0, 20000952.0, 20000953.0, 20000954.0, 20000955.0, 20000956.0, 20000957.0, 20000958.0, 20000959.0, 
171534.0, 20000960.0, 20000961.0, 20000962.0, 20000963.0, 20000964.0, 20000965.0, 20000966.0, 20000967.0, 20000968.0, 20000969.0, 
171535.0, 20000970.0, 20000971.0, 20000972.0, 20000973.0, 20000974.0, 20000975.0, 20000976.0, 20000977.0, 20000978.0, 20000979.0, 
171536.0, 20000980.0, 20000981.0, 20000982.0, 20000983.0, 20000984.0, 20000985.0, 20000986.0, 20000987.0, 20000988.0, 20000989.0, 